361812780_300,17183
721172705_003,17218
131546240_001,17255
376052379_001,17288
530246709_001,17327
136212879_001,17341
580218548_002,17355
381285128_001,17374
381285128_025,17374
381285128_027,17374
381285128_029,17374
381285128_030,17374
250451600_001,17382
516012443_001,17390
135645888_333,17416
130871985_001,17507
135583779_001,17536
111724631_001,17648
526054620_001,17681
367324184_101,17683
940742640_535,17725
930246090_001,17729
233041441_007,17739
951240335_501,17821
390379990_002,17824
566680924_001,17830
526112463_001,17831
936074377_001,17932
251897152_001,17969
916033499_001,17999
223546821_001,21605
390619790_001,46605
516031295_002,359621
740959140_001,424180
431301883_600,459309
383261832_003,471860
331013896_001,472252
770518772_002,472253
760146568_003,472255
410231510_001,472259
630589368_001,472260
137073447_001,472317
131808503_060,472318
060619596_001,472321
751462427_100,472327
061230425_151,472329
132862795_001,472333
943207296_001,472352
340244000_005,472361
131102020_005,472364
043852884_001,472370
743197526_003,472410
410123208_001,472411
391805420_200,472415
410448030_010,472419
160393470_007,472421
951040600_010,472423
382535907_028,472428
134921002_333,472434
570784499_001,472435
204930644_001,472436
431878297_002,472437
135565207_016,472438
135565207_018,472438
367324182_101,472458
731520922_013,472462
621539359_001,472473
522274691_004,472474
136053269_001,472511
066534874_100,472515
134922250_005,472521
366541950_003,472526
366541950_101,472526
061122239_051,472529
160442930_001,472533
710871875_201,472539
363329400_001,472546
432109021_001,472547
363051915_010,472554
590739250_003,472555
310387920_001,472565
611439871_001,472566
256360560_101,472568
131826332_017,472569
366029149_001,472573
330414495_012,472575
750289970_006,472576
361264810_003,472579
362872395_103,472580
256380595_001,472582
341694736_001,472582
043328262_009,472583
043328262_011,472583
930790608_009,472586
367324179_101,472589
362885278_001,472595
480457967_001,472603
366859460_001,472606
256205544_001,472608
043275867_001,472611
046931375_001,472612
134103752_001,472675
130794380_002,472677
042207613_001,472679
381794485_100,472684
208579133_900,472685
630366371_900 (old EIN),472685
043004856_013,472691
260392491_002,472692
132595722_003,472697
952108010_001,472699
362903176_100,472701
731567067_001,472702
043387605_001,472703
200471790_023,472704
586043548_001,472705
390182330_001,472707
410793183_002,472708
951958272_001,472710
362041256_500 (old EIN),472711
620342590_333,472711
330732627_005,472712
880335067_001,472722
061119960_007,472723
361520480_002,472728
260240191_333,472731
131871348_001,472732
530181291_001,472736
200865835_103,472737
043259740_001,472742
360781620_003,472742
132626465_018,472744
367045728_018,472744
203552316_101,472753
840928963_014,472754
130544597_001,472755
580503352_034,472756
311797999_098,472757
383354643_336,472764
266523081_021,472773
131086010_001,472775
231043740_001,472776
410365145_100,472813
136326118_999,472818
340451060_500,472820
910374630_001,472823
133324058_015,472828
990208097_005,472829
361004130_001,472831
430178130_004,472841
580628465_003,472842
136957744_001,472845
520910053_001,472846
131834433_300,472847
366151099_009,472853
380710690_515,472853
131952290_004,472854
223393752_001,472857
340359955_002,472860
741992467_001,472863
271754839_001,472868
390380010_024,472870
141682544_060,472871
930256820_001,472879
541692118_012,472881
340183970_017,472884
203674771_003,472893
580401110_001,472894
480290150_501,472898
256346358_001,472901
363425828_001,472902
236679470_001,472906
376464276_001,472912
530162882_001,472915
043222232_001,472960
364412642_001,472962
134099534_001,472981
341458060_001,472983
341458060_006,472983
362678171_001,472984
161090809_101,472986
060397030_062,472990
592449419_001,472991
133380685_001,472994
133386776_200,472995
200546644_011,472997
221594774_001,473005
310345740_008,473007
131726769_002,473008
380387840_005,473014
360730380_026,473028
860053220_335,473030
411939866_003,473035
411939866_005,473035
916145047_001,473043
530181657_001,473045
366052390_001,473047
486168020_001,473048
161112391_001,473091
232694291_001,473094
410177680_009,473097
951810805_001,473098
956042583_501,473098
951240335_001,473105
951240335_004,473105
946050970_001,473106
526152779_001,473108
136044173_005,473112
430259330_121,473114
134922641_001,473116
042949533_194,473117
510174276_001,473119
526073909_001,473120
341843785_001,473121
516040899_001,473125
366140097_001,473127
046372430_001,473128
952110997_001,473129
516030753_001,473131
346574360_001,473135
236648508_499,473136
952892780_001,473139
530088380_001,473140
952216351_001,473147
236262789_001,473150
362377656_001,473155
166063585_074,473157
516120204_001,473170
231613018_001,473175
751280827_001,473176
916069306_001,473179
316129964_001,473184
926005171_001,473186
916029051_001,473231
526080365_001,473232
431622970_001,473241
941133245_001,473242
416043137_001,473249
381900637_001,473250
136696817_001,473254
046063734_001,473258
416131800_001,473260
366508328_001,473262
366492502_001,473263
846045986_001,473265
386242188_001,473270
256029946_001,473273
516115939_001,473274
366488227_001,473276
956052257_001,473279
530237142_001,473280
237007718_501,473330
916123687_001,473334
516108443_001,473338
951867598_501,473338
526117919_001,473340
942688032_004,473344
356027150_001,473347
366042061_001,473351
201920798_001,473367
256263994_047,473368
410215170_001,473369
136064033_101,473370
202777218_005,473372
043192419_015,473373
231099050_002,473377
231099050_003,473377
367324188_100,473381
367324188_108,473381
367324188_109,473381
367324188_110,473381
223463544_001,473416
560906609_001,473425
133064404_001,473427
410449260_001,473431
133077576_001,473432
352371556_001,473434
270187394_059,473435
041663150_003,473436
940890210_101,473437
363288317_001,473438
941081436_003,473439
366968926_001,473441
136032849_030,473442
521568099_020,473443
366668245_019,473450
221024240_015,473451
940742640_002,473452
256263968_001,473453
136366355_001,473455
362382580_010,473459
273686544_001,473460
273686544_006,473460
273686544_007,473460
273686544_008,473460
273686544_009,473460
273686544_013,473460
160417150_001,473463
133406827_001,473465
412205169_120,473467
137192316_059,473468
360698440_337,473469
250317820_038,473470
140689340_001,492511
340714775_333,534820
380679801_006,536417
621598430_001,536894
421310237_002,538939
410417775_002,538941
131502798_020,538970
136414972_001,539038
256224599_040,539058
391684998_004,539150
360719665_002,539156
363871531_002,539156
431617558_333,539165
136052299_001,539231
591006663_001,539263
910425694_062,539277
256263993_001,539333
042105941_001,539365
221576300_001,539430
061059331_006,539549
800000385_001,539553
340714585_001,539606
680427229_001,539731
111991772_001,539800
530115260_333,539805
264772533_001,539847
591995548_003,539991
530204707_001,540056
454530568_100,540099
042103580_003,540106
133691321_001,540183
521317217_001,540363
526074345_001,540367
916028571_001,540403
541071867_001,540470
946365467_101,540517
362164320_001,540524
536001417_004,540541
362514514_002,540592
130872805_213,540596
130872805_229,540596
256135576_001,540597
946118939_001,540602
314177100_333,540719
412211877_001,540785
590634433_001,540786
386233976_001,540858
046128298_001,540861
526051388_001,540915
136604799_001,540957
416011702_001,540994
980105730_001,541248
232229683_003,541269
231602217_016,541286
231602217_020,541286
530196605_001,541288
261869631_001 (old),541314
591943502_001,541314
311464406_001,541355
630274273_001,541366
956042875_001,541399
911230425_001,541409
223078723_519,541422
381285128_003,541436
381285128_013,541436
050412693_001,541504
521178032_333,541621
946313554_001,541682
231743282_101,541688
226074414_001,541699
350868188_001,541723
132915928_002,541734
942788907_050,541755
942788907_333,541755
131421730_001,541761
521106251_002,541806
436931304_007,541824
526283006_001,541833
741648137_004,541847
760536232_001,542929
770559191_001,543283
133163459_004,543300
131456110_001,543305
436060737_001,543310
900134602_001,543315
521074215_001,543316
526118568_001,543320
310487145_004,543322
361880355_201,543323
204531180_002,543326
541497771_001,543327
410518860_001,543331
160538020_001,543332
251883252_011,543338
251883252_012,543338
740537175_001,543343
060646973_002,543350
060810627_521,543355
060810627_522,543355
256365444_006,543355
131879376_001,543368
131957585_001,543368
231294723_333,543371
136692740_001,543378
136692740_007,543378
411372525_100,543380
370960170_001,543383
370960170_005,543383
370960170_100,543383
526127746_001,543384
010689331_001,543399
361953130_001,543407
366147396_001,543423
386242188_001,543427
521368650_099,543434
042774441_001,543435
043294527_004,543437
910332400_001,543451
870440163_001,543453
846277982_001,543461
526038497_001,543469
416159599_001,543491
042103594_002,543493
621788235_001,543538
230370270_001,543556
390622040_201,543563
990238120_001,543692
221211670_003,543699
566035543_001,543703
510185287_001,543756
043583679_001,543758
316127229_001,543759
366668234_300,543766
237426300_001,543817
680588324_002,543870
954545390_006,543984
954545390_007,543984
521471842_001,544007
581471842_001,544007
521271901_001,544060
251423657_999,544098
522297449_001,544108
760207995_050,544210
136043636_001,544247
366891022_001,544260
135009340_001,544521
470248710_001,544526
131299890_001,544858
541987297_001,544867
952209675_024,545064
366968911_001,545269
516077555_001,556404
516029903_001,568971
113431358_010,571760
941461843_001,574480
516067400_001,574587
366122163_001,574588
314379427_004,576327
251448208_020,582108
431301883_020,582339
900424876_504,585813
135581829_001,586078
363146075_001,586206
133317783_001,586207
256263972_008,586228
256263972_011,586228
042776873_001,586230
136130178_001,586231
273776787_015,586233
042103881_001,586234
161533232_001,587328
540505888_001,587329
046553616_001,587330
020222140_001,587333
202588083_001,587333
846100393_001,587334
930470437_333,587335
562520491_200,587336
363100018_050,587337
590624458_001,587338
930408771_333,587340
222551509_001,587344
526075035_002,587345
137086350_001,587346
381459362_001,587347
954160558_009,587348
043466300_001 (old EIN),587349
274125230_001,587349
043526344_001,587350
366090694_501,587351
390509570_002,587352
390509570_003,587352
041663150_001,587353
041590850_001,587354
940304228_016,587355
346565596_111,587356
251897152_510,587632
410418150_004,587633
330704072_001,587634
060985075_002,587635
236405239_001,587637
133708657_101,587638
526128473_001,587648
273776787_007,587654
410417775_522,587670
251778658_004,587676
753174747_001,587679
251843385_001,587683
470246511_004,587688
221487576_004,587700
200078940_100,587701
931240670_005,587702
750759420_005,587703
043205796_001,587704
222517863_001,587705
232990190_504,587706
916024903_001,587707
356042362_501,587708
050316605_001,587709
046013863_001,587710
710871875_517,587711
136190433_074,587712
223746606_005,587713
910511770_005,587715
133177000_001,587716
390983896_002,587716
940361650_001,587717
592317607_001,587718
132614416_002,587719
136372630_001,587720
134973745_001,587721
630139000_006,587974
135420320_083,587976
231352166_099,587980
041409810_006,587982
366041816_001,587984
061065206_001,587986
232250941_001,587987
133798650_001,587991
942353807_005,587999
310833936_001,588005
230366390_023,588008
236262789_009,588010
362167060_001,588013
366066988_501,588019
340904419_001,588020
320151595_001,588023
516030859_001,588026
060435750_004,588034
900739502_004 (old EIN),588034
141338307_001,588036
131426500_419,588040
900424876_502,588056
310455440_001,588074
260440499_003,588075
116166763_001,588079
911352172_001,588085
131740118_001,588087
526132372_001,588088
133798650_002,588092
516117726_001,588093
201043281_001,588096
752832229_001,588101
810666284_003,588102
546097996_001,588103
043266103_001,588112
041045815_001,588116
135537605_501,588126
141284013_012,588132
516031512_001,588398
367255737_001,588399
850105601_001,588400
133667696_005,588401
133189926_001,588402
222540851_001,588403
222406812_002,588405
226174423_001,588405
050490997_001,588408
530073545_006,588412
930951083_002,588414
043722228_001,588420
410905139_001,588458
930496390_333,588459
516091982_001,588460
223095464_001,588462
043524642_001,588463
131849172_001,588464
453459695_001,588465
530196603_210,588466
820156045_104,588467
043466300_510 (old EIN),588468
274125230_510,588468
232203401_002,588486
936018501_001,588491
596205166_001,588494
356030666_001,588496
060738583_001,588497
751743247_030,588502
470376606_006,588503
231990722_001,588505
526124449_001,588508
430827344_001,588511
411919752_001,588512
111001790_002,588513
356060378_001,588514
140724820_001,588515
236411794_501,588516
010238552_001,588517
066044348_001,588518
540499731_001,588519
311108895_001,588520
630708442_001,588521
136358540_076,588522
876124266_001,588523
133375107_001,588524
950743320_333,588525
041717070_001,588526
060493340_001,588527
956035386_001,588528
133249610_007,588529
516124191_001,588810
135420320_001,588812
135420320_084,588812
273934850_001,588815
131982707_001,588817
541229715_507,588821
226250252_001,588823
251117717_001,588824
270331205_001,588825
222139469_001,588826
135123390_020,588828
042300472_001,588829
886023284_001,588834
526124754_001,588841
386056780_001,588845
135605970_300,588847
131659629_001,588851
431723446_005,588855
431723446_012,588855
383610909_022,588862
362407063_001,588869
135562304_001,588874
480135770_005,588876
936061681_001,588882
135521921_001,588888
135629824_001,588891
042233412_067,588896
582001014_001,588900
366455509_001,588901
410984460_001,588904
956377503_001,588908
752756884_005,588910
061308364_001,588914
131624231_001,588918
136533678_001,588922
131975659_001,588925
936075580_001,588976
436057739_002,588979
410274440_508,588983
526124299_001,588996
042760802_002,589000
366489579_001,589006
376118084_001,589010
131665347_008,589014
440236370_001,589017
131764242_001,589020
160960470_001,589024
390519460_001,589025
911371719_027,589026
636055108_001,589029
951939092_001,589035
951644629_001,589038
251283169_001,589041
510103684_001,589042
910433740_001,589061
256135579_001,589064
111631796_001,589065
226077693_001,589066
456597417_001,589067
953007164_333,589070
111373230_001,589072
750873044_001,589073
880135695_001,589075
954255452_010,589076
131846366_001,589080
131665347_333,589088
136220770_050,589094
430727853_001,589096
916022315_001,589103
516049898_001,589118
526103810_001,589122
264538894_001,589126
346565596_001,589446
431537250_004,589449
626098036_001,589451
272396331_002,589456
237333434_501,589457
650773338_001,589458
630139000_017,589460
133370264_050,589461
150551885_501,589463
916070237_001,589468
910214500_001,589471
237108536_501,589472
381328578_501,589474
382542859_001,589475
740704500_045,589478
916123988_001,589480
411562581_001,589482
362665285_100,589538
344412691_001,589542
621098634_001,589547
990246363_001,589548
160470200_001,589549
562447399_004,589550
526128127_333,589551
262635546_001,589567
930792184_001,589573
061650267_302,589575
431747502_001,589576
430574450_002,589578
381357020_201,589591
231494364_001,589592
042675545_001,589593
940760193_001,589594
382772023_006,589595
356057648_001,589596
516030238_001,589597
930609074_032,589598
362953263_001,589599
521036457_501,589600
936041903_501,589601
510155190_001,589602
912055384_001,589603
136043977_001,589604
042591016_001,589605
061600707_001,589606
846097461_001,589612
820161600_001,589615
260111283_001,589619
611260063_001,589625
541240646_001,589627
456909074_002,589631
946065003_001 (old EIN),589631
952018373_001,589634
421427107_010,589636
736146433_001,589639
521289729_001,589640
166144007_001,589643
340714357_001,589673
060646554_001,589680
366492992_001,589685
130565120_001,589963
223071963_001,589964
132578837_001,589966
940294755_002,589967
050473278_005,589969
456909074_001,589972
936019280_001 (old EIN),589972
010731997_003,589974
223471515_001,589975
910720280_001,589977
316127287_001,589980
526038506_001,589983
230960890_005,589986
480290150_001,589988
916123688_001,589991
226063702_001,589993
222476636_004,589995
900622302_001,589996
620145910_001,589998
416084127_001,589999
561848578_011,590000
946128032_001,590003
135603868_501,590009
720244480_001,590015
135514352_112,590016
135562312_001,590019
946296420_001,590020
510138317_001,590025
251010303_001,590032
470468085_001,590037
521349790_004,590040
132997301_001,590044
046736887_001,590046
580218548_001,590046
760697621_002,590060
942859426_001,590062
900622583_002,590069
430905874_334,590071
450166406_002,590074
362177139_003,590080
135656874_501,590086
150612437_001,590091
440308260_001,590095
256118878_001,590101
396045229_001,590103
452178216_335,590104
351140848_001,590130
160743226_001,590132
943190386_001,590133
526148924_001,590136
560556998_001,590141
251638268_039,590144
760517597_001,590145
111839362_003,590146
951644600_001,590148
346596899_001,590149
046374357_501,590150
060839113_001,590151
130524209_001,590152
251410539_001,591464
140689340_501,593732
316089168_001,594437
586101602_001,594437
916123987_001,594798
042105850_001,595686
050348344_001,595914
221594774_501,596153
566554915_001,596577
956027308_002,597280
210419870_101,597367
366130207_001,597418
560906609_005,597644
134994650_001,597754
416576353_003,601036
916134141_001,601740
367367088_005,602775
526036829_001,603127
010606601_002,614054
043177556_507,614074
043234801_001,614076
046043807_001,614079
222489316_001,614079
060646652_001,614083
060646659_001,614084
060646973_524,614089
060733831_001,614092
112001170_001,614095
141340095_001,614099
221272390_003,614111
222458317_001,614113
231352204_001,614115
251790438_052,614120
344428206_001,614123
350225010_002,614124
362492854_001,614125
362668272_001,614126
367361465_001,614128
367406951_001,614131
391017450_011,614132
396069053_001,614134
396198530_001,614135
416047047_001,614136
520408290_003,614137
521050282_002,614146
521075473_001,614149
530228172_001,614150
560532129_002,614152
616078145_001,614154
841339282_005,614155
841339282_538,614157
916028298_001,614160
916075538_001,614162
916187192_001,614163
941081436_001,614166
946083001_001,614171
951691313_001,614173
954119509_001,614176
956032478_001,614180
956392774_001,614181
133819434_503,614189
133819434_504,614189
361264810_001,614193
770518772_001,617963
911160641_002,618019
362114545_001,618043
256264027_021,618058
341694736_730,618074
042949533_200,618084
391805420_001,618529
580218548_504,618539
941081436_124,618558
956042873_501,619077
363871531_003,619081
060619596_067,620660
350923209_501,620688
421435199_101,620698
520743575_001,620701
042214296_501,620705
416187750_501,620706
383386104_002,620708
362440683_204,620709
900424876_503,621139
753174747_002,621175
952110997_501,623274
133136478_001,965731
042103550_004,965737
205898509_522,965749
363261413_001,965750
260820710_100,965751
841339282_537,966207
931293289_335,966208
350470950_001,967147
131456110_012,967149
131456110_009,967150
042949533_195,967152
951732075_001,976730
133604862_001,590157
